normalization,sign_frac,metric,mean,std,n_groups,sem,n_rho_targets,cv_definition
original_radius,0.0,GR,0.40786374685489485,0.016831300938342373,100,0.0016831300938342374,4,mean_within_target_cv
original_radius,0.0,IPC,0.2155082897923835,0.017300542069099242,100,0.0017300542069099243,4,mean_within_target_cv
original_radius,0.0,KR,0.22562110212920203,0.018122748962363384,100,0.0018122748962363384,4,mean_within_target_cv
original_radius,0.0,MC,0.27342293887711056,0.024358687524281674,100,0.0024358687524281674,4,mean_within_target_cv
original_radius,0.2,GR,0.42234549738135224,0.013422535099374992,100,0.0013422535099374992,4,mean_within_target_cv
original_radius,0.2,IPC,0.22340254564173279,0.018399991198587977,100,0.0018399991198587977,4,mean_within_target_cv
original_radius,0.2,KR,0.2265707435860439,0.014621334174633994,100,0.0014621334174633994,4,mean_within_target_cv
original_radius,0.2,MC,0.2950782200841833,0.0302014475040798,100,0.0030201447504079803,4,mean_within_target_cv
original_radius,0.2425287356321839,GR,0.42368434712326997,0.011539238352012298,100,0.0011539238352012298,4,mean_within_target_cv
original_radius,0.2425287356321839,IPC,0.2266798268286586,0.017333868283727145,100,0.0017333868283727146,4,mean_within_target_cv
original_radius,0.2425287356321839,KR,0.22777292335935917,0.012412537258024275,100,0.0012412537258024276,4,mean_within_target_cv
original_radius,0.2425287356321839,MC,0.29778279306091143,0.030826316240935285,100,0.0030826316240935283,4,mean_within_target_cv
original_radius,0.4,GR,0.42723368558418934,0.01104392194987811,100,0.001104392194987811,4,mean_within_target_cv
original_radius,0.4,IPC,0.22623920868772932,0.019037405668280955,100,0.0019037405668280954,4,mean_within_target_cv
original_radius,0.4,KR,0.23164971994632086,0.011900034279925186,100,0.0011900034279925186,4,mean_within_target_cv
original_radius,0.4,MC,0.2952543102692109,0.03087550423999254,100,0.003087550423999254,4,mean_within_target_cv
original_radius,0.6,GR,0.42801446865598697,0.010701728277647149,100,0.001070172827764715,4,mean_within_target_cv
original_radius,0.6,IPC,0.22664073430698664,0.019680514864189015,100,0.0019680514864189014,4,mean_within_target_cv
original_radius,0.6,KR,0.23249935995519924,0.011528509139306227,100,0.0011528509139306228,4,mean_within_target_cv
original_radius,0.6,MC,0.2960986989421997,0.034210147336775555,100,0.0034210147336775553,4,mean_within_target_cv
original_radius,0.8,GR,0.42543722039381604,0.012069906381619724,100,0.0012069906381619723,4,mean_within_target_cv
original_radius,0.8,IPC,0.22627966562189303,0.01866110926998683,100,0.001866110926998683,4,mean_within_target_cv
original_radius,0.8,KR,0.2310505220354165,0.013806968659838053,100,0.0013806968659838053,4,mean_within_target_cv
original_radius,0.8,MC,0.29702124675101654,0.03372416702477558,100,0.0033724167024775575,4,mean_within_target_cv
original_radius,1.0,GR,0.4164046216423617,0.01804709344183205,100,0.001804709344183205,4,mean_within_target_cv
original_radius,1.0,IPC,0.20741986774616972,0.01695238047784545,100,0.001695238047784545,4,mean_within_target_cv
original_radius,1.0,KR,0.23322341439091043,0.021089249831490155,100,0.0021089249831490156,4,mean_within_target_cv
original_radius,1.0,MC,0.2708994352419803,0.025759040170194102,100,0.00257590401701941,4,mean_within_target_cv
spectral_radius,0.0,GR,0.39578181436363524,0.017320058746798903,100,0.0017320058746798904,4,mean_within_target_cv
spectral_radius,0.0,IPC,0.20990416124141034,0.015962556167683672,100,0.0015962556167683673,4,mean_within_target_cv
spectral_radius,0.0,KR,0.2079654041332512,0.01843073255291315,100,0.0018430732552913152,4,mean_within_target_cv
spectral_radius,0.0,MC,0.2744742685809501,0.024793286294407142,100,0.0024793286294407142,4,mean_within_target_cv
spectral_radius,0.2,GR,0.43517948715884425,0.021530593363006542,100,0.002153059336300654,4,mean_within_target_cv
spectral_radius,0.2,IPC,0.2541731952680268,0.03176681534177178,100,0.003176681534177178,4,mean_within_target_cv
spectral_radius,0.2,KR,0.2481907902382456,0.024638119582505957,100,0.002463811958250596,4,mean_within_target_cv
spectral_radius,0.2,MC,0.34822314063039883,0.046908965063625005,100,0.0046908965063625005,4,mean_within_target_cv
spectral_radius,0.2425287356321839,GR,0.43845461700651134,0.019547599372970386,100,0.0019547599372970385,4,mean_within_target_cv
spectral_radius,0.2425287356321839,IPC,0.2621779024945953,0.027732495496082716,100,0.0027732495496082714,4,mean_within_target_cv
spectral_radius,0.2425287356321839,KR,0.253152752867727,0.022810037396688666,100,0.0022810037396688667,4,mean_within_target_cv
spectral_radius,0.2425287356321839,MC,0.3571640558588035,0.038612136060038216,100,0.0038612136060038214,4,mean_within_target_cv
spectral_radius,0.4,GR,0.444267367412164,0.019860894102951613,100,0.0019860894102951615,4,mean_within_target_cv
spectral_radius,0.4,IPC,0.27147591282588085,0.032132286637191226,100,0.0032132286637191225,4,mean_within_target_cv
spectral_radius,0.4,KR,0.2624389328029103,0.022397257070598243,100,0.0022397257070598245,4,mean_within_target_cv
spectral_radius,0.4,MC,0.37560962438365936,0.0390277051383866,100,0.00390277051383866,4,mean_within_target_cv
spectral_radius,0.6,GR,0.44591020342981635,0.01850185467950112,100,0.001850185467950112,4,mean_within_target_cv
spectral_radius,0.6,IPC,0.2738170568233098,0.031340397427593945,100,0.0031340397427593947,4,mean_within_target_cv
spectral_radius,0.6,KR,0.26476977787084305,0.02248104377608797,100,0.002248104377608797,4,mean_within_target_cv
spectral_radius,0.6,MC,0.37343815476370884,0.04415617620252472,100,0.004415617620252472,4,mean_within_target_cv
spectral_radius,0.8,GR,0.43800194682106913,0.01919187023663416,100,0.001919187023663416,4,mean_within_target_cv
spectral_radius,0.8,IPC,0.2496255031940567,0.027609773558620404,100,0.0027609773558620403,4,mean_within_target_cv
spectral_radius,0.8,KR,0.2506073323605357,0.023632007731542642,100,0.0023632007731542643,4,mean_within_target_cv
spectral_radius,0.8,MC,0.34085244193894093,0.043647010048330194,100,0.00436470100483302,4,mean_within_target_cv
spectral_radius,1.0,GR,0.40749209028393535,0.01714166828141486,100,0.001714166828141486,4,mean_within_target_cv
spectral_radius,1.0,IPC,0.2097969045566413,0.018868446878406664,100,0.0018868446878406663,4,mean_within_target_cv
spectral_radius,1.0,KR,0.22077686434667532,0.019421351403232315,100,0.0019421351403232315,4,mean_within_target_cv
spectral_radius,1.0,MC,0.27443787619753723,0.028087700228263096,100,0.0028087700228263098,4,mean_within_target_cv
