mode,series_kind,metric,raw_rho,raw_rho_sd,performance,performance_sd,cv,cv_sd,n_groups,n_hparams,series,series_key,color,marker,normalization,sign_frac,dataset
binary_base,shuffle,IPC,15.278559684753418,0.0,6.609240945280662,0.3189497836595933,0.2316801090691697,0.018023952530725904,200,96.0,Binary controls,Binary controls,#5f6b7a,s,,,
binary_base,shuffle,KR,15.278559684753418,0.0,2.941992549095303,0.28309769769393667,0.27347044771896,0.019994053518848198,200,96.0,Binary controls,Binary controls,#5f6b7a,s,,,
binary_base,shuffle,MC,15.278559684753418,0.0,3.7534277025361855,0.17520133361565873,0.2982373010908389,0.021418380662541894,200,96.0,Binary controls,Binary controls,#5f6b7a,s,,,
binary_base_topology_shuffle,shuffle,IPC,15.456112418174744,0.1067804300747368,6.494417951359448,0.2613911321472922,0.2301563148526665,0.016633539440179732,200,96.0,Binary controls,Binary controls,#5f6b7a,s,,,
binary_base_topology_shuffle,shuffle,KR,15.456112418174744,0.1067804300747368,2.7732059137026472,0.2478400740095101,0.2621667969519079,0.017685578765359006,200,96.0,Binary controls,Binary controls,#5f6b7a,s,,,
binary_base_topology_shuffle,shuffle,MC,15.456112418174744,0.1067804300747368,3.6292229445511475,0.13961688751550022,0.2677738185290155,0.01911242290060407,200,96.0,Binary controls,Binary controls,#5f6b7a,s,,,
binary+conshuffle+wshuffle,shuffle,IPC,7.925836038589478,0.2979908320135139,8.484940638274718,0.38627261140218905,0.3197108184880392,0.023089298768779278,200,96.0,PM1 controls,PM1 controls,#009e73,D,,,
binary+conshuffle+wshuffle,shuffle,KR,7.925836038589478,0.2979908320135139,4.873257113552342,0.4104813003148112,0.4253897074852248,0.018814871991656035,200,96.0,PM1 controls,PM1 controls,#009e73,D,,,
binary+conshuffle+wshuffle,shuffle,MC,7.925836038589478,0.2979908320135139,4.959008498410694,0.21609867398282587,0.39092156757620006,0.022093933422245825,200,96.0,PM1 controls,PM1 controls,#009e73,D,,,
binary+shuffle,shuffle,IPC,7.059514572620392,0.4072654108389761,9.144586185607603,0.5962726678389275,0.35743837362162734,0.027228316257628546,200,96.0,PM1 controls,PM1 controls,#009e73,D,,,
binary+shuffle,shuffle,KR,7.059514572620392,0.4072654108389761,5.820291753212611,0.7005933831026132,0.4757002677777731,0.03079189036465269,200,96.0,PM1 controls,PM1 controls,#009e73,D,,,
binary+shuffle,shuffle,MC,7.059514572620392,0.4072654108389761,5.376008694795892,0.32941402918325546,0.42022449107737564,0.0237890539928186,200,96.0,PM1 controls,PM1 controls,#009e73,D,,,
global_sign_pres,shuffle,IPC,7.934643080234528,0.33821472324096086,8.429422884748945,0.3661802879532709,0.3178806117868698,0.023716101486831245,200,96.0,PM1 controls,PM1 controls,#009e73,D,,,
global_sign_pres,shuffle,KR,7.934643080234528,0.33821472324096086,4.973246795131515,0.4893317414982008,0.4263363226348227,0.022609721421219392,200,96.0,PM1 controls,PM1 controls,#009e73,D,,,
global_sign_pres,shuffle,MC,7.934643080234528,0.33821472324096086,4.932665309269602,0.20056790076533867,0.39497190596403714,0.024558686387501895,200,96.0,PM1 controls,PM1 controls,#009e73,D,,,
local_sign+binary,shuffle,IPC,6.2845439219474795,0.5139307048624899,10.001623740997792,0.7499235911768759,0.37972145754944464,0.02259288012155306,200,96.0,PM1 controls,PM1 controls,#009e73,D,,,
local_sign+binary,shuffle,KR,6.2845439219474795,0.5139307048624899,7.748783955673376,1.4381833383354636,0.5385835444108018,0.04286251854712131,200,96.0,PM1 controls,PM1 controls,#009e73,D,,,
local_sign+binary,shuffle,MC,6.2845439219474795,0.5139307048624899,6.01036409949263,0.46266207881999305,0.45260524101827193,0.023034962080985384,200,96.0,PM1 controls,PM1 controls,#009e73,D,,,
celW+connShuf,shuffle,IPC,47.22346750259399,4.416023779882539,11.764140114378698,1.0262174545297436,0.40491005614803766,0.025934149954667685,200,96.0,C. elegans shuffle controls,C. elegans shuffle controls,#0072b2,^,,,
celW+connShuf,shuffle,KR,47.22346750259399,4.416023779882539,10.659506266042591,2.275937038107299,0.5919567873826563,0.039759229417051276,200,96.0,C. elegans shuffle controls,C. elegans shuffle controls,#0072b2,^,,,
celW+connShuf,shuffle,MC,47.22346750259399,4.416023779882539,7.2012452658327915,0.744887171465583,0.49832312372005816,0.030127568732949105,200,96.0,C. elegans shuffle controls,C. elegans shuffle controls,#0072b2,^,,,
conn_shuf_only,shuffle,IPC,44.53476148605347,5.214636909375691,11.9903334026528,1.0838721261594026,0.3948402746903924,0.02911916140219558,200,96.0,C. elegans shuffle controls,C. elegans shuffle controls,#0072b2,^,,,
conn_shuf_only,shuffle,KR,44.53476148605347,5.214636909375691,12.093834905053178,2.903278598317798,0.6069429673315295,0.04322103932213333,200,96.0,C. elegans shuffle controls,C. elegans shuffle controls,#0072b2,^,,,
conn_shuf_only,shuffle,MC,44.53476148605347,5.214636909375691,7.4424612187594175,0.8069378035208861,0.49743153684790625,0.03489331968501665,200,96.0,C. elegans shuffle controls,C. elegans shuffle controls,#0072b2,^,,,
real,shuffle,IPC,73.30743656158447,3.5052214759047553,8.836446405792517,0.39986066719534746,0.29954170665184066,0.02612508409562108,200,96.0,C. elegans shuffle controls,C. elegans shuffle controls,#0072b2,^,,,
real,shuffle,KR,73.30743656158447,3.5052214759047553,5.551721381321549,0.5567940350698247,0.39797317555378625,0.019826613002597977,200,96.0,C. elegans shuffle controls,C. elegans shuffle controls,#0072b2,^,,,
real,shuffle,MC,73.30743656158447,3.5052214759047553,5.475731512214988,0.27375970311410724,0.4088194794380253,0.03385132808973703,200,96.0,C. elegans shuffle controls,C. elegans shuffle controls,#0072b2,^,,,
shuffle,shuffle,IPC,49.01490772247315,4.902611482882949,11.170374636883652,0.8407067620153652,0.3935399036541407,0.02750734502494839,200,96.0,C. elegans shuffle controls,C. elegans shuffle controls,#0072b2,^,,,
shuffle,shuffle,KR,49.01490772247315,4.902611482882949,9.806644051074981,2.0452554366747524,0.5700173106593427,0.040881365066091614,200,96.0,C. elegans shuffle controls,C. elegans shuffle controls,#0072b2,^,,,
shuffle,shuffle,MC,49.01490772247315,4.902611482882949,6.799448829122508,0.5704536121926309,0.48948917063045877,0.03199839762712411,200,96.0,C. elegans shuffle controls,C. elegans shuffle controls,#0072b2,^,,,
sign_test_og_cel0.0,sign_sweep,IPC,106.5088882446289,0.0,7.297199552088322,0.3372891376751764,0.24318231734594611,0.020062456722222885,200,96.0,Matched C. elegans sweep,Matched C. elegans sweep,#d55e00,o,spectral_radius,0.0,Matched C. elegans sweep
sign_test_og_cel0.0,sign_sweep,KR,106.5088882446289,0.0,3.8548931338948504,0.36752862629457395,0.31730385185261983,0.017276533633012292,200,96.0,Matched C. elegans sweep,Matched C. elegans sweep,#d55e00,o,spectral_radius,0.0,Matched C. elegans sweep
sign_test_og_cel0.0,sign_sweep,MC,106.5088882446289,0.0,4.317540288120508,0.1977663955856094,0.33685664043044655,0.025577619263038663,200,96.0,Matched C. elegans sweep,Matched C. elegans sweep,#d55e00,o,spectral_radius,0.0,Matched C. elegans sweep
sign_test_og_cel0.2,sign_sweep,IPC,65.95554452896118,11.400191448426511,8.853495697262414,0.6095914304071625,0.3160925360238906,0.036784457954425136,200,96.0,Matched C. elegans sweep,Matched C. elegans sweep,#d55e00,o,spectral_radius,0.2,Matched C. elegans sweep
sign_test_og_cel0.2,sign_sweep,KR,65.95554452896118,11.400191448426511,6.690801120282462,1.752285279803127,0.41874131105769336,0.042971901263706,200,96.0,Matched C. elegans sweep,Matched C. elegans sweep,#d55e00,o,spectral_radius,0.2,Matched C. elegans sweep
sign_test_og_cel0.2,sign_sweep,MC,65.95554452896118,11.400191448426511,5.381047135622551,0.45505512071056475,0.41520243746706,0.04330401025719664,200,96.0,Matched C. elegans sweep,Matched C. elegans sweep,#d55e00,o,spectral_radius,0.2,Matched C. elegans sweep
sign_test_og_cel0.24250832408435072,sign_sweep,IPC,59.46572551727295,11.364521206804657,9.322144429013353,0.6977112167037877,0.3387721137482829,0.04068320857743883,200,96.0,Matched C. elegans sweep,Matched C. elegans sweep,#d55e00,o,spectral_radius,0.24250832408435072,Matched C. elegans sweep
sign_test_og_cel0.24250832408435072,sign_sweep,KR,59.46572551727295,11.364521206804657,7.778595969285816,2.3798572951261674,0.4411998755685784,0.04344245074463662,200,96.0,Matched C. elegans sweep,Matched C. elegans sweep,#d55e00,o,spectral_radius,0.24250832408435072,Matched C. elegans sweep
sign_test_og_cel0.24250832408435072,sign_sweep,MC,59.46572551727295,11.364521206804657,5.721453156325346,0.5494117741617853,0.43867188839398435,0.04667277754438427,200,96.0,Matched C. elegans sweep,Matched C. elegans sweep,#d55e00,o,spectral_radius,0.24250832408435072,Matched C. elegans sweep
sign_test_og_cel0.4,sign_sweep,IPC,49.961240196228026,8.258404529951482,10.228161240727605,0.7625131223282233,0.37103266199742907,0.0338272579605876,200,96.0,Matched C. elegans sweep,Matched C. elegans sweep,#d55e00,o,spectral_radius,0.4,Matched C. elegans sweep
sign_test_og_cel0.4,sign_sweep,KR,49.961240196228026,8.258404529951482,9.840325145833194,2.6848072011714685,0.47617865596302716,0.0335547126095004,200,96.0,Matched C. elegans sweep,Matched C. elegans sweep,#d55e00,o,spectral_radius,0.4,Matched C. elegans sweep
sign_test_og_cel0.4,sign_sweep,MC,49.961240196228026,8.258404529951482,6.381381731548657,0.5584457912527869,0.4770493719986315,0.03636797112627285,200,96.0,Matched C. elegans sweep,Matched C. elegans sweep,#d55e00,o,spectral_radius,0.4,Matched C. elegans sweep
sign_test_og_cel0.0,sign_sweep,IPC,78.14213562011719,0.0,7.459817019002365,0.36525834217124037,0.22544829807791922,0.023016089838777766,200,96.0,Removed C. elegans sweep,Removed C. elegans sweep,#e69f00,o,spectral_radius,0.0,Removed C. elegans sweep
sign_test_og_cel0.0,sign_sweep,KR,78.14213562011719,0.0,3.8940609213088946,0.3862045018803082,0.2998969086679907,0.01788739360036175,200,96.0,Removed C. elegans sweep,Removed C. elegans sweep,#e69f00,o,spectral_radius,0.0,Removed C. elegans sweep
sign_test_og_cel0.0,sign_sweep,MC,78.14213562011719,0.0,4.408147910479456,0.25579328475172747,0.30437872299275937,0.029204745024649575,200,96.0,Removed C. elegans sweep,Removed C. elegans sweep,#e69f00,o,spectral_radius,0.0,Removed C. elegans sweep
sign_test_og_cel0.2,sign_sweep,IPC,51.1908037185669,9.308925838775416,8.676090109844349,0.7014389543584699,0.27993402707437925,0.03738254354085509,200,96.0,Removed C. elegans sweep,Removed C. elegans sweep,#e69f00,o,spectral_radius,0.2,Removed C. elegans sweep
sign_test_og_cel0.2,sign_sweep,KR,51.1908037185669,9.308925838775416,6.034137171916663,1.3820488781247307,0.3525266519939018,0.029911013775741496,200,96.0,Removed C. elegans sweep,Removed C. elegans sweep,#e69f00,o,spectral_radius,0.2,Removed C. elegans sweep
sign_test_og_cel0.2,sign_sweep,MC,51.1908037185669,9.308925838775416,5.137294607553631,0.4637089908553908,0.37635516493323523,0.045384509259551044,200,96.0,Removed C. elegans sweep,Removed C. elegans sweep,#e69f00,o,spectral_radius,0.2,Removed C. elegans sweep
sign_test_og_cel0.2425287356321839,sign_sweep,IPC,47.68347846984863,8.436455135536441,8.92718611192344,0.6806245533549768,0.2921648901507462,0.036157894539352003,200,96.0,Removed C. elegans sweep,Removed C. elegans sweep,#e69f00,o,spectral_radius,0.2425287356321839,Removed C. elegans sweep
sign_test_og_cel0.2425287356321839,sign_sweep,KR,47.68347846984863,8.436455135536441,6.507173472760866,1.3634746469378394,0.3595486371530549,0.02817795513418194,200,96.0,Removed C. elegans sweep,Removed C. elegans sweep,#e69f00,o,spectral_radius,0.2425287356321839,Removed C. elegans sweep
sign_test_og_cel0.2425287356321839,sign_sweep,MC,47.68347846984863,8.436455135536441,5.316880797725171,0.4617027465612849,0.39099128799088434,0.0413333104558284,200,96.0,Removed C. elegans sweep,Removed C. elegans sweep,#e69f00,o,spectral_radius,0.2425287356321839,Removed C. elegans sweep
sign_test_og_cel0.4,sign_sweep,IPC,44.07058874130249,6.967564718087644,9.266952600989038,0.6519094190504221,0.30318280694490807,0.037665604034589274,200,96.0,Removed C. elegans sweep,Removed C. elegans sweep,#e69f00,o,spectral_radius,0.4,Removed C. elegans sweep
sign_test_og_cel0.4,sign_sweep,KR,44.07058874130249,6.967564718087644,7.031874873985847,1.3870784780167509,0.36802693725639934,0.027725207492830098,200,96.0,Removed C. elegans sweep,Removed C. elegans sweep,#e69f00,o,spectral_radius,0.4,Removed C. elegans sweep
sign_test_og_cel0.4,sign_sweep,MC,44.07058874130249,6.967564718087644,5.542387158075968,0.4271435672519571,0.40632745135257237,0.04023806378616936,200,96.0,Removed C. elegans sweep,Removed C. elegans sweep,#e69f00,o,spectral_radius,0.4,Removed C. elegans sweep
sign_test_er0.0,sign_sweep,IPC,12.121951365470887,0.06067167036892841,6.9354386839679,0.2603720249145709,0.25714888058292784,0.017333570366594706,200,96.0,Matched ER sweep,Matched ER sweep,#56b4e9,o,spectral_radius,0.0,Matched ER sweep
sign_test_er0.0,sign_sweep,KR,12.121951365470887,0.06067167036892841,3.127162239421159,0.23135727445992899,0.2943513296011109,0.013857680542884143,200,96.0,Matched ER sweep,Matched ER sweep,#56b4e9,o,spectral_radius,0.0,Matched ER sweep
sign_test_er0.0,sign_sweep,MC,12.121951365470887,0.06067167036892841,3.844810798599695,0.13369902974602826,0.2973222340618184,0.018610818818127612,200,96.0,Matched ER sweep,Matched ER sweep,#56b4e9,o,spectral_radius,0.0,Matched ER sweep
sign_test_er0.2,sign_sweep,IPC,7.267385227680206,0.10091457175229165,8.738858354995113,0.32637372709749246,0.362383502258986,0.024023146386468804,200,96.0,Matched ER sweep,Matched ER sweep,#56b4e9,o,spectral_radius,0.2,Matched ER sweep
sign_test_er0.2,sign_sweep,KR,7.267385227680206,0.10091457175229165,5.016352289114147,0.29374265548972567,0.4400080786831795,0.013048951589190273,200,96.0,Matched ER sweep,Matched ER sweep,#56b4e9,o,spectral_radius,0.2,Matched ER sweep
sign_test_er0.2,sign_sweep,MC,7.267385227680206,0.10091457175229165,5.000100848637521,0.17392830386904204,0.39944142278240213,0.018587935535993978,200,96.0,Matched ER sweep,Matched ER sweep,#56b4e9,o,spectral_radius,0.2,Matched ER sweep
sign_test_er0.4,sign_sweep,IPC,3.609231961965561,0.06744779357486377,16.689772222530948,0.4587688436808596,0.36966566751206237,0.015331487276592854,200,96.0,Matched ER sweep,Matched ER sweep,#56b4e9,o,spectral_radius,0.4,Matched ER sweep
sign_test_er0.4,sign_sweep,KR,3.609231961965561,0.06744779357486377,20.442226764261722,1.2897558479830837,0.7865540110441966,0.012278652986145588,200,96.0,Matched ER sweep,Matched ER sweep,#56b4e9,o,spectral_radius,0.4,Matched ER sweep
sign_test_er0.4,sign_sweep,MC,3.609231961965561,0.06744779357486377,10.593122239528846,0.3035848825417308,0.528409514537254,0.017214338919618304,200,96.0,Matched ER sweep,Matched ER sweep,#56b4e9,o,spectral_radius,0.4,Matched ER sweep
